,Modelo_Cancelaciones,MAPE
2,Best_THETA,0.5478428567409312
4,TBATS,0.583950679162125
1,ETS,0.6028530273197424
0,ARIMA,0.6418247442809591
3,Best_4THETA,0.6711823038761804
