,Modelo_Cancelaciones,MAPE
0,ARIMA,0.2510137824680333
1,ETS,0.5731900557465301
