,Modelo_Reservas,MAPE
2,Best_THETA,0.02893985336864826
4,TBATS,0.04389299265803194
3,Best_4THETA,0.0627710799101373
0,ARIMA,0.0863216658764004
1,ETS,0.158757438342234
