,Modelo_Cancelaciones,MAPE
0,ARIMA,0.6418247442809591
1,ETS,0.6028530273197424
