,Modelo_Cancelaciones,MAPE
2,Best_THETA,0.17341179577222218
4,TBATS,0.23425133572221127
0,ARIMA,0.2510137824680333
3,Best_4THETA,0.4256762984078841
1,ETS,0.5731900557465301
