,Modelo_Reservas,MAPE
0,ARIMA,0.1975065329382054
2,Best_THETA,0.22212361580252776
4,TBATS,0.22864867654072185
1,ETS,0.2322044175570224
3,Best_4THETA,0.33769256773020717
