,Modelo_Reservas,MAPE
0,ARIMA,0.1975065329382054
1,ETS,0.2322044175570224
