,Modelo_Reservas,MAPE
0,ARIMA,0.0863216658764004
1,ETS,0.158757438342234
